Gene,Classification
AT1G10070,Amino Acids
AT3G48560,Amino Acids
AT3G49680,Amino Acids
AT5G65780,Amino Acids
AT1G10060,Amino Acids
AT3G06850,Amino Acids
AT3G17240,Amino Acids
AT3G45300,Amino Acids
AT5G65940,Amino Acids
AT3G13450,Amino Acids
AT1G31070,Amines and Polyamines
AT1G47840,Amines and Polyamines
AT1G50460,Amines and Polyamines
AT2G19860,Amines and Polyamines
AT2G35020,Amines and Polyamines
AT3G20040,Amines and Polyamines
AT3G24090,Amines and Polyamines
AT4G24620,Amines and Polyamines
AT4G29130,Amines and Polyamines
AT4G37840,Amines and Polyamines
AT5G15770,Amines and Polyamines
AT1G07780,Amino Acids
AT1G25220,Amino Acids
AT1G29410,Amino Acids
AT2G04400,Amino Acids
AT2G29690,Amino Acids
AT3G54640,Amino Acids
AT4G02610,Amino Acids
AT4G27070,Amino Acids
AT5G05590,Amino Acids
AT5G05730,Amino Acids
AT5G17990,Amino Acids
AT5G38530,Amino Acids
AT5G54810,Amino Acids
AT5G57890,Amino Acids
AT1G51260,Fatty Acids and Lipids
AT3G57650,Fatty Acids and Lipids
AT4G30580,Fatty Acids and Lipids
AT5G13640,Fatty Acids and Lipids
AT1G68020,Carbohydrates
AT1G78090,Carbohydrates
AT1G78580,Carbohydrates
AT5G51460,Carbohydrates
AT2G17420,Redox
AT2G17420,Cofactors
AT2G41680,Redox
AT2G41680,Cofactors
AT4G35460,Redox
AT4G35460,Cofactors
AT1G19920,Inorganic Nutrients
AT1G62180,Inorganic Nutrients
AT3G22890,Inorganic Nutrients
AT4G04610,Inorganic Nutrients
AT4G14680,Inorganic Nutrients
AT4G21990,Inorganic Nutrients
AT5G04590,Inorganic Nutrients
AT5G43780,Inorganic Nutrients
AT1G16300,Carbohydrates
AT1G43670,Carbohydrates
AT1G79530,Carbohydrates
AT3G26650,Carbohydrates
AT4G10120,Carbohydrates
AT4G24620,Carbohydrates
AT5G20280,Carbohydrates
AT1G17745,Amino Acids
AT1G18640,Amino Acids
AT4G35630,Amino Acids
AT1G02500,Cofactors
AT1G02500,Intermediate Metabolism
AT2G20690,Cofactors
AT2G44050,Cofactors
AT4G20960,Cofactors
AT4G21470,Cofactors
AT5G64300,Cofactors
AT3G25860,Energy Metabolism
AT5G14760,Cofactors
AT5G50210,Cofactors
AT2G27450,Amines and Polyamines
AT5G08170,Amines and Polyamines
AT1G32200,Other
AT2G39290,Other
AT2G45150,Other
AT3G60620,Other
AT4G30580,Other
AT1G53240,Energy Metabolism
AT2G05710,Energy Metabolism
AT2G13560,Energy Metabolism
AT2G17130,Energy Metabolism
AT2G44350,Energy Metabolism
AT3G09810,Energy Metabolism
AT3G15020,Energy Metabolism
AT3G47520,Energy Metabolism
AT4G00570,Energy Metabolism
AT4G26970,Energy Metabolism
AT4G35260,Energy Metabolism
AT4G35650,Energy Metabolism
AT4G35830,Energy Metabolism
AT5G03290,Energy Metabolism
AT5G09600,Energy Metabolism
AT5G50950,Energy Metabolism
AT5G66760,Energy Metabolism
AT1G21100,Specialized Metabolism
AT1G21120,Specialized Metabolism
AT2G44490,Specialized Metabolism
AT4G37400,Specialized Metabolism
AT4G37430,Specialized Metabolism
AT5G44070,Specialized Metabolism
AT5G57220,Specialized Metabolism
AT3G44300,Specialized Metabolism
AT3G44310,Specialized Metabolism
AT3G44320,Specialized Metabolism
AT5G22300,Specialized Metabolism
AT1G12140,Specialized Metabolism
AT1G16400,Specialized Metabolism
AT1G16410,Specialized Metabolism
AT1G18590,Specialized Metabolism
AT1G24100,Specialized Metabolism
AT1G62540,Specialized Metabolism
AT1G62560,Specialized Metabolism
AT1G62570,Specialized Metabolism
AT1G65860,Specialized Metabolism
AT1G74090,Specialized Metabolism
AT1G74100,Specialized Metabolism
AT2G20610,Specialized Metabolism
AT4G29210,Specialized Metabolism
AT4G13770,Specialized Metabolism
AT2G25450,Specialized Metabolism
AT5G27380,Cofactors
AT5G37830,Cofactors
AT2G35020,Energy Metabolism
AT2G35020,Carbohydrates
AT3G03250,Energy Metabolism
AT3G03250,Carbohydrates
AT5G51820,Energy Metabolism
AT5G51820,Carbohydrates
AT5G52560,Energy Metabolism
AT5G52560,Carbohydrates
AT2G43100,Specialized Metabolism
AT3G49680,Specialized Metabolism
AT4G13430,Specialized Metabolism
AT5G14200,Specialized Metabolism
AT5G23010,Specialized Metabolism
AT5G23020,Specialized Metabolism
AT1G17050,Cofactors
AT1G78510,Cofactors
AT4G17190,Cofactors
AT5G47770,Cofactors
AT2G36310,Nucleotides
AT3G53900,Nucleotides
AT5G40870,Nucleotides
AT1G73370,Carbohydrates
AT1G73370,Nucleotides
AT3G43190,Carbohydrates
AT3G43190,Nucleotides
AT4G02280,Carbohydrates
AT4G02280,Nucleotides
AT5G20830,Carbohydrates
AT5G20830,Nucleotides
AT5G37180,Carbohydrates
AT5G37180,Nucleotides
AT5G49190,Carbohydrates
AT5G49190,Nucleotides
AT4G29210,Cofactors
AT4G39640,Cofactors
AT4G39650,Cofactors
AT3G14940,Intermediate Metabolism
AT4G33030,Fatty Acids and Lipids
AT5G01220,Fatty Acids and Lipids
AT4G33150,Amino Acids
AT4G36400,Amino Acids
AT1G01610,Fatty Acids and Lipids
AT1G06520,Fatty Acids and Lipids
AT2G19450,Fatty Acids and Lipids
AT2G38110,Fatty Acids and Lipids
AT3G11430,Fatty Acids and Lipids
AT4G00400,Fatty Acids and Lipids
AT5G06090,Fatty Acids and Lipids
AT1G15080,Fatty Acids and Lipids
AT2G01180,Fatty Acids and Lipids
AT3G09560,Fatty Acids and Lipids
AT3G50920,Fatty Acids and Lipids
AT5G03080,Fatty Acids and Lipids
AT5G42870,Fatty Acids and Lipids
AT5G66450,Fatty Acids and Lipids
AT4G30340,Fatty Acids and Lipids
AT5G63770,Fatty Acids and Lipids
AT3G08510,Fatty Acids and Lipids
AT5G58670,Fatty Acids and Lipids
AT3G11170,Fatty Acids and Lipids
AT3G15850,Fatty Acids and Lipids
AT4G30950,Fatty Acids and Lipids
AT5G05580,Fatty Acids and Lipids
AT1G70560,Hormones
AT4G13260,Hormones
AT1G76490,Intermediate Metabolism
AT2G38700,Intermediate Metabolism
AT3G02780,Intermediate Metabolism
AT4G11820,Intermediate Metabolism
AT5G16440,Intermediate Metabolism
AT5G27450,Intermediate Metabolism
AT5G47720,Intermediate Metabolism
AT5G48230,Intermediate Metabolism
AT1G67070,Carbohydrates
AT1G67070,Nucleotides
AT1G67070,Cofactors
AT2G39770,Carbohydrates
AT2G39770,Nucleotides
AT2G39770,Cofactors
AT2G45790,Carbohydrates
AT2G45790,Nucleotides
AT2G45790,Cofactors
AT3G02570,Carbohydrates
AT3G02570,Nucleotides
AT3G02570,Cofactors
AT3G02870,Carbohydrates
AT3G02870,Nucleotides
AT3G02870,Cofactors
AT3G47930,Carbohydrates
AT3G47930,Nucleotides
AT3G47930,Cofactors
AT4G26850,Carbohydrates
AT4G26850,Nucleotides
AT4G26850,Cofactors
AT4G33670,Carbohydrates
AT4G33670,Nucleotides
AT4G33670,Cofactors
AT4G39120,Carbohydrates
AT4G39120,Nucleotides
AT4G39120,Cofactors
AT5G28840,Carbohydrates
AT5G28840,Nucleotides
AT5G28840,Cofactors
AT5G55120,Carbohydrates
AT5G55120,Nucleotides
AT5G55120,Cofactors
AT1G02050,Specialized Metabolism
AT4G34850,Specialized Metabolism
AT3G50740,Specialized Metabolism
AT4G16130,Nucleotides
AT4G16130,Carbohydrates
AT5G52560,Nucleotides
AT2G07050,Fatty Acids and Lipids
AT1G26380,Specialized Metabolism
AT2G22330,Specialized Metabolism
AT4G31970,Specialized Metabolism
AT4G39950,Specialized Metabolism
AT1G79870,Amino Acids
AT2G13360,Amino Acids
AT5G34850,Amino Acids
AT3G57050,Amino Acids
AT4G23600,Amino Acids
AT4G26220,Specialized Metabolism
AT5G07990,Specialized Metabolism
AT4G02780,Specialized Metabolism
AT3G48990,Energy Metabolism
AT5G14780,Energy Metabolism
AT5G17230,Carbohydrates
AT1G51680,Specialized Metabolism
AT1G65060,Specialized Metabolism
AT3G21230,Specialized Metabolism
AT3G21240,Specialized Metabolism
AT3G55120,Specialized Metabolism
AT5G13930,Specialized Metabolism
AT5G66220,Specialized Metabolism
AT2G13810,Specialized Metabolism
AT5G52810,Specialized Metabolism
AT1G44350,Hormones
AT3G48520,Hormones
AT5G07010,Hormones
AT5G63450,Hormones
AT1G51760,Hormones
AT1G12350,Cofactors
AT1G48605,Cofactors
AT2G18250,Cofactors
AT2G27490,Cofactors
AT3G18030,Cofactors
AT4G28680,Specialized Metabolism
AT5G05260,Specialized Metabolism
AT3G51820,Cofactors
AT2G34630,Specialized Metabolism
AT4G17190,Specialized Metabolism
AT5G47770,Specialized Metabolism
AT5G04330,Specialized Metabolism
AT4G15093,Specialized Metabolism
AT5G54060,Specialized Metabolism
AT1G03940,Specialized Metabolism
AT1G03495,Specialized Metabolism
AT2G29090,Hormones
AT3G19270,Hormones
AT4G19230,Hormones
AT5G45340,Hormones
AT1G68000,Fatty Acids and Lipids
AT2G29980,Fatty Acids and Lipids
AT3G12120,Fatty Acids and Lipids
AT4G27030,Fatty Acids and Lipids
AT1G13560,Fatty Acids and Lipids
AT3G25585,Fatty Acids and Lipids
AT1G63970,Cofactors
AT2G02500,Cofactors
AT3G02780,Cofactors
AT4G15560,Cofactors
AT4G34350,Cofactors
AT5G16440,Cofactors
AT5G60600,Cofactors
AT5G62790,Cofactors
AT1G67990,Specialized Metabolism
AT4G34050,Specialized Metabolism
AT5G54160,Specialized Metabolism
AT2G43820,Specialized Metabolism
AT2G43840,Specialized Metabolism
AT1G78500,Specialized Metabolism
AT1G78950,Specialized Metabolism
AT1G78955,Specialized Metabolism
AT1G78960,Specialized Metabolism
AT1G78970,Specialized Metabolism
AT2G23000,Specialized Metabolism
AT5G17050,Specialized Metabolism
AT3G29590,Specialized Metabolism
AT4G14090,Specialized Metabolism
AT4G27830,Specialized Metabolism
AT3G25810,Specialized Metabolism
AT3G63410,Cofactors
AT4G32770,Cofactors
AT1G64970,Cofactors
AT3G13610,Specialized Metabolism
AT1G76490,Cofactors
AT2G38700,Cofactors
AT4G11820,Cofactors
AT5G27450,Cofactors
AT5G47720,Cofactors
AT5G48230,Cofactors
AT1G17420,Fatty Acids and Lipids
AT1G17420,Hormones
AT1G20510,Fatty Acids and Lipids
AT1G20510,Hormones
AT1G67560,Fatty Acids and Lipids
AT1G67560,Hormones
AT1G72520,Fatty Acids and Lipids
AT1G72520,Hormones
AT2G06050,Fatty Acids and Lipids
AT2G06050,Hormones
AT2G33150,Fatty Acids and Lipids
AT2G33150,Hormones
AT2G35690,Fatty Acids and Lipids
AT2G35690,Hormones
AT3G25770,Fatty Acids and Lipids
AT3G25770,Hormones
AT3G45140,Fatty Acids and Lipids
AT3G45140,Hormones
AT4G16760,Fatty Acids and Lipids
AT4G16760,Hormones
AT4G29010,Fatty Acids and Lipids
AT4G29010,Hormones
AT5G42650,Fatty Acids and Lipids
AT5G42650,Hormones
AT1G12780,Nucleotides
AT1G12780,Carbohydrates
AT1G63180,Nucleotides
AT1G63180,Carbohydrates
AT1G64440,Nucleotides
AT1G64440,Carbohydrates
AT4G10960,Nucleotides
AT4G10960,Carbohydrates
AT4G23920,Nucleotides
AT4G23920,Carbohydrates
AT2G35020,Nucleotides
AT3G03250,Nucleotides
AT5G51820,Nucleotides
AT2G01350,Specialized Metabolism
AT5G14760,Specialized Metabolism
AT5G50210,Specialized Metabolism
AT1G01480,Amino Acids
AT2G22810,Amino Acids
AT3G49700,Amino Acids
AT4G08040,Amino Acids
AT4G11280,Amino Acids
AT4G26200,Amino Acids
AT4G37770,Amino Acids
AT5G65800,Amino Acids
AT4G22880,Specialized Metabolism
AT1G47840,Carbohydrates
AT1G50460,Carbohydrates
AT2G19860,Carbohydrates
AT2G40840,Carbohydrates
AT3G20040,Carbohydrates
AT3G46970,Carbohydrates
AT4G29130,Carbohydrates
AT4G37840,Carbohydrates
AT2G21790,Nucleotides
AT3G23580,Nucleotides
AT4G09320,Nucleotides
AT3G27060,Nucleotides
AT1G72040,Nucleotides
AT2G41880,Nucleotides
AT5G60340,Nucleotides
AT5G63310,Nucleotides
AT2G37250,Nucleotides
AT3G57610,Nucleotides
AT5G26667,Nucleotides
AT5G37850,Cofactors
AT5G49970,Cofactors
AT5G53580,Cofactors
AT2G19570,Nucleotides
AT3G07800,Nucleotides
AT5G23070,Nucleotides
AT3G46940,Nucleotides
AT2G40890,Specialized Metabolism
AT1G01420,Specialized Metabolism
AT1G07240,Specialized Metabolism
AT1G07250,Specialized Metabolism
AT1G07260,Specialized Metabolism
AT1G30530,Specialized Metabolism
AT1G73880,Specialized Metabolism
AT2G15480,Specialized Metabolism
AT2G15490,Specialized Metabolism
AT2G29730,Specialized Metabolism
AT2G29740,Specialized Metabolism
AT2G36790,Specialized Metabolism
AT3G16520,Specialized Metabolism
AT3G21750,Specialized Metabolism
AT3G21800,Specialized Metabolism
AT3G46660,Specialized Metabolism
AT3G46670,Specialized Metabolism
AT4G15280,Specialized Metabolism
AT4G34135,Specialized Metabolism
AT4G34138,Specialized Metabolism
AT5G17030,Specialized Metabolism
AT5G59580,Specialized Metabolism
AT5G59590,Specialized Metabolism
AT4G34131,Specialized Metabolism
AT3G09150,Cofactors
AT1G19670,Cofactors
AT5G43860,Cofactors
AT2G23260,Specialized Metabolism
AT2G26480,Specialized Metabolism
AT2G29750,Specialized Metabolism
AT2G36800,Specialized Metabolism
AT1G61680,Specialized Metabolism
AT4G26850,Specialized Metabolism
AT5G55120,Specialized Metabolism
AT5G41040,Carbohydrates
AT1G17290,Energy Metabolism
AT1G17290,Carbohydrates
AT1G23310,Energy Metabolism
AT1G23310,Carbohydrates
AT1G62960,Energy Metabolism
AT1G62960,Carbohydrates
AT1G70560,Energy Metabolism
AT1G70560,Carbohydrates
AT1G70580,Energy Metabolism
AT1G70580,Carbohydrates
AT1G79750,Energy Metabolism
AT1G79750,Carbohydrates
AT2G19900,Energy Metabolism
AT2G19900,Carbohydrates
AT2G30970,Energy Metabolism
AT2G30970,Carbohydrates
AT3G14940,Energy Metabolism
AT3G14940,Carbohydrates
AT4G31990,Energy Metabolism
AT4G31990,Carbohydrates
AT4G37870,Energy Metabolism
AT4G37870,Carbohydrates
AT5G11670,Energy Metabolism
AT5G11670,Carbohydrates
AT5G19550,Energy Metabolism
AT5G19550,Carbohydrates
AT5G25880,Energy Metabolism
AT5G25880,Carbohydrates
AT5G51690,Energy Metabolism
AT5G51690,Carbohydrates
AT1G53240,Carbohydrates
AT2G13560,Carbohydrates
AT2G22780,Energy Metabolism
AT2G22780,Carbohydrates
AT3G15020,Carbohydrates
AT3G47520,Carbohydrates
AT4G00570,Carbohydrates
AT5G09660,Energy Metabolism
AT5G09660,Carbohydrates
AT2G34630,Energy Metabolism
AT3G02780,Energy Metabolism
AT4G17190,Energy Metabolism
AT5G16440,Energy Metabolism
AT5G44630,Energy Metabolism
AT5G47770,Energy Metabolism
AT2G44990,Hormones
AT4G32810,Hormones
AT5G10300,Specialized Metabolism
AT5G04140,Energy Metabolism
AT5G04140,Amino Acids
AT5G35630,Energy Metabolism
AT5G35630,Amino Acids
AT1G79900,Energy Metabolism
AT1G79900,Amino Acids
AT1G79750,Other
AT2G13560,Other
AT2G19900,Other
AT3G15020,Other
AT3G47520,Other
AT4G00570,Other
AT5G11670,Other
AT5G25880,Other
AT1G01120,Fatty Acids and Lipids
AT1G67730,Fatty Acids and Lipids
AT1G68530,Fatty Acids and Lipids
AT1G76150,Fatty Acids and Lipids
AT3G06860,Fatty Acids and Lipids
AT3G55360,Fatty Acids and Lipids
AT4G34520,Fatty Acids and Lipids
AT5G10480,Fatty Acids and Lipids
AT1G49430,Carbohydrates
AT1G62940,Carbohydrates
AT1G64400,Carbohydrates
AT1G77590,Carbohydrates
AT2G04350,Carbohydrates
AT2G47240,Carbohydrates
AT3G05970,Carbohydrates
AT4G11030,Carbohydrates
AT4G23850,Carbohydrates
AT5G27600,Carbohydrates
AT2G17265,Amino Acids
AT3G01120,Amino Acids
AT3G03780,Amino Acids
AT5G17920,Amino Acids
AT5G20980,Amino Acids
AT1G64660,Amino Acids
AT1G06290,Energy Metabolism
AT3G06860,Energy Metabolism
AT3G51840,Energy Metabolism
AT4G16760,Energy Metabolism
AT4G29010,Energy Metabolism
AT5G65110,Energy Metabolism
AT2G38050,Hormones
AT3G13730,Hormones
AT3G30180,Hormones
AT3G50660,Hormones
AT4G36380,Hormones
AT5G05690,Hormones
AT5G38970,Hormones
AT1G66200,Inorganic Nutrients
AT3G17820,Inorganic Nutrients
AT5G04140,Inorganic Nutrients
AT5G16570,Inorganic Nutrients
AT5G35630,Inorganic Nutrients
AT5G37600,Inorganic Nutrients
AT1G52340,Hormones
AT1G67080,Hormones
AT1G78390,Hormones
AT2G27150,Hormones
AT3G14440,Hormones
AT3G24220,Hormones
AT4G18350,Hormones
AT3G54640,Specialized Metabolism
AT4G02610,Specialized Metabolism
AT4G27070,Specialized Metabolism
AT5G54810,Specialized Metabolism
AT1G55920,Amino Acids
AT1G55920,Detoxification
AT2G17640,Amino Acids
AT2G17640,Detoxification
AT3G01120,Detoxification
AT3G13110,Amino Acids
AT3G13110,Detoxification
AT4G35640,Amino Acids
AT4G35640,Detoxification
AT5G56760,Amino Acids
AT5G56760,Detoxification
AT5G49810,Inorganic Nutrients
AT3G29670,Amino Acids
AT5G39050,Amino Acids
AT3G44880,Cofactors
AT4G37000,Cofactors
AT5G13800,Cofactors
AT2G39030,Amino Acids
AT2G39800,Amino Acids
AT3G30775,Amino Acids
AT4G08870,Amino Acids
AT4G08900,Amino Acids
AT5G38710,Amino Acids
AT1G06290,Specialized Metabolism
AT1G76150,Specialized Metabolism
AT3G05970,Specialized Metabolism
AT3G51840,Specialized Metabolism
AT4G16760,Specialized Metabolism
AT5G27600,Specialized Metabolism
AT5G65110,Specialized Metabolism
AT1G01710,Fatty Acids and Lipids
AT1G55020,Fatty Acids and Lipids
AT3G22400,Fatty Acids and Lipids
AT1G22940,Cofactors
AT1G02880,Cofactors
AT2G44750,Cofactors
AT4G29530,Cofactors
AT3G12500,Carbohydrates
AT2G29630,Cofactors
AT5G44630,Specialized Metabolism
AT1G17170,Detoxification
AT1G17170,Redox
AT1G17190,Detoxification
AT1G17190,Redox
AT1G78380,Detoxification
AT1G78380,Redox
AT2G29450,Detoxification
AT2G29450,Redox
AT2G47730,Detoxification
AT2G47730,Redox
AT3G57050,Detoxification
AT3G57050,Redox
AT4G02520,Detoxification
AT4G02520,Redox
AT4G29210,Detoxification
AT4G29210,Redox
AT5G44070,Detoxification
AT5G44070,Redox
AT4G23100,Amino Acids
AT4G23100,Detoxification
AT4G23100,Redox
AT1G06290,Fatty Acids and Lipids
AT1G65520,Fatty Acids and Lipids
AT3G51840,Fatty Acids and Lipids
AT4G14430,Fatty Acids and Lipids
AT4G14440,Fatty Acids and Lipids
AT5G43280,Fatty Acids and Lipids
AT5G65110,Fatty Acids and Lipids
AT1G01290,Cofactors
AT1G08490,Cofactors
AT2G31955,Cofactors
AT5G20990,Cofactors
AT5G65720,Cofactors
AT2G43760,Cofactors
AT3G12500,Other
AT1G67080,Specialized Metabolism
AT2G44990,Energy Metabolism
AT3G63520,Energy Metabolism
AT4G32810,Energy Metabolism
AT3G15820,Fatty Acids and Lipids
AT1G49430,Fatty Acids and Lipids
AT1G62940,Fatty Acids and Lipids
AT1G64400,Fatty Acids and Lipids
AT1G77590,Fatty Acids and Lipids
AT2G04350,Fatty Acids and Lipids
AT2G47240,Fatty Acids and Lipids
AT3G05970,Fatty Acids and Lipids
AT4G11030,Fatty Acids and Lipids
AT4G23850,Fatty Acids and Lipids
AT5G27600,Fatty Acids and Lipids
AT2G04540,Fatty Acids and Lipids
AT3G51240,Specialized Metabolism
AT5G08640,Specialized Metabolism
AT1G23740,Detoxification
AT1G54870,Detoxification
AT2G37770,Detoxification
AT3G04000,Detoxification
AT1G06490,Carbohydrates
AT1G04580,Hormones
AT1G04580,Specialized Metabolism
AT1G65880,Hormones
AT1G65880,Specialized Metabolism
AT2G43820,Hormones
AT2G43840,Hormones
AT2G05830,Amino Acids
AT5G53850,Amino Acids
AT1G49820,Nucleotides
AT1G03980,Inorganic Nutrients
AT4G29210,Inorganic Nutrients
AT4G39640,Inorganic Nutrients
AT4G39650,Inorganic Nutrients
AT5G44070,Inorganic Nutrients
AT1G01280,Carbohydrates
AT1G01710,Carbohydrates
AT1G02050,Carbohydrates
AT1G68540,Carbohydrates
AT1G69500,Carbohydrates
AT4G34850,Carbohydrates
AT4G35420,Carbohydrates
AT1G10760,Carbohydrates
AT3G52180,Carbohydrates
AT4G09020,Carbohydrates
AT4G17090,Carbohydrates
AT5G26570,Carbohydrates
AT5G64860,Carbohydrates
AT1G58370,Carbohydrates
AT1G68560,Carbohydrates
AT3G10740,Carbohydrates
AT3G14050,Carbohydrates
AT5G64570,Carbohydrates
AT5G04660,Fatty Acids and Lipids
AT3G06350,Specialized Metabolism
AT1G17050,Specialized Metabolism
AT1G49530,Specialized Metabolism
AT1G78510,Specialized Metabolism
AT2G18640,Specialized Metabolism
AT2G23800,Specialized Metabolism
AT3G14550,Specialized Metabolism
AT3G29430,Specialized Metabolism
AT3G32040,Specialized Metabolism
AT4G36810,Specialized Metabolism
AT5G48930,Specialized Metabolism
AT1G61120,Intermediate Metabolism
AT3G25180,Intermediate Metabolism
AT1G47290,Fatty Acids and Lipids
AT2G26260,Fatty Acids and Lipids
AT1G07110,Nucleotides
AT1G73880,Hormones
AT3G21750,Hormones
AT1G77120,Energy Metabolism
AT3G16910,Energy Metabolism
AT3G48000,Energy Metabolism
AT5G36880,Energy Metabolism
AT3G09820,Nucleotides
AT5G03300,Nucleotides
AT1G69190,Cofactors
AT5G41480,Cofactors
AT1G27450,Nucleotides
AT1G80050,Nucleotides
AT4G22570,Nucleotides
AT5G18860,Nucleotides
AT1G73250,Nucleotides
AT1G73250,Carbohydrates
AT3G51160,Nucleotides
AT3G51160,Carbohydrates
AT1G71750,Nucleotides
AT1G05620,Nucleotides
AT2G38280,Nucleotides
AT5G58560,Detoxification
AT5G58560,Cofactors
AT5G63910,Detoxification
AT5G63910,Cofactors
AT3G44860,Specialized Metabolism
AT2G43980,Other
AT4G08170,Other
AT4G33770,Other
AT5G07370,Other
AT5G16760,Other
AT5G42810,Other
AT5G61760,Other
AT1G65930,Amino Acids
AT1G66200,Amino Acids
AT2G05710,Amino Acids
AT2G17130,Amino Acids
AT2G42790,Amino Acids
AT2G44350,Amino Acids
AT3G09810,Amino Acids
AT3G14940,Amino Acids
AT3G17820,Amino Acids
AT3G58750,Amino Acids
AT4G26970,Amino Acids
AT4G35260,Amino Acids
AT4G35650,Amino Acids
AT4G35830,Amino Acids
AT5G03290,Amino Acids
AT5G16570,Amino Acids
AT5G37600,Amino Acids
AT2G14920,Hormones
AT2G26710,Hormones
AT2G36800,Hormones
AT2G28880,Cofactors
AT5G57850,Cofactors
AT1G79440,Amines and Polyamines
AT3G06580,Carbohydrates
AT3G57520,Carbohydrates
AT5G18200,Carbohydrates
AT1G09350,Carbohydrates
AT1G56600,Carbohydrates
AT2G47180,Carbohydrates
AT5G40390,Carbohydrates
AT1G68760,Detoxification
AT1G68760,Redox
AT1G27980,Fatty Acids and Lipids
AT4G21540,Fatty Acids and Lipids
AT4G26420,Hormones
AT5G56300,Hormones
AT1G06820,Intermediate Metabolism
AT1G10830,Intermediate Metabolism
AT3G04870,Intermediate Metabolism
AT4G14210,Intermediate Metabolism
AT5G17230,Intermediate Metabolism
AT3G22200,Amines and Polyamines
AT2G27690,Fatty Acids and Lipids
AT5G60540,Cofactors
AT2G37040,Specialized Metabolism
AT1G01600,Fatty Acids and Lipids
AT2G45970,Fatty Acids and Lipids
AT4G00360,Fatty Acids and Lipids
AT5G58860,Fatty Acids and Lipids
AT2G24210,Specialized Metabolism
AT3G25820,Specialized Metabolism
AT2G37040,Hormones
AT5G48950,Hormones
AT5G48950,Specialized Metabolism
AT1G74540,Specialized Metabolism
AT1G74550,Specialized Metabolism
AT2G19070,Specialized Metabolism
AT1G65840,Amines and Polyamines
AT3G59050,Amines and Polyamines
AT5G13700,Amines and Polyamines
AT1G18870,Specialized Metabolism
AT1G74710,Specialized Metabolism
AT3G10550,Other
AT3G08510,Other
AT5G58670,Other
AT1G34120,Carbohydrates
AT1G05630,Other
AT1G34120,Other
AT2G31830,Other
AT2G43900,Other
AT4G18010,Other
AT2G27190,Inorganic Nutrients
AT4G13700,Inorganic Nutrients
AT5G24770,Inorganic Nutrients
AT5G34850,Inorganic Nutrients
AT1G77120,Carbohydrates
AT4G08870,Amines and Polyamines
AT4G08900,Amines and Polyamines
AT4G34710,Amines and Polyamines
AT3G10870,Hormones
AT5G55250,Hormones
AT1G30620,Nucleotides
AT1G30620,Carbohydrates
AT1G51760,Amino Acids
AT4G34890,Nucleotides
AT2G46370,Hormones
AT1G11720,Carbohydrates
AT1G27680,Carbohydrates
AT1G32900,Carbohydrates
AT2G21590,Carbohydrates
AT2G36390,Carbohydrates
AT2G39930,Carbohydrates
AT3G01180,Carbohydrates
AT4G18240,Carbohydrates
AT4G39210,Carbohydrates
AT5G03650,Carbohydrates
AT5G24300,Carbohydrates
AT5G19220,Carbohydrates
AT1G28130,Hormones
AT1G59500,Hormones
AT2G23170,Hormones
AT4G27260,Hormones
AT4G37390,Hormones
AT5G54510,Hormones
AT4G30120,Inorganic Nutrients
AT1G35580,Carbohydrates
AT1G56560,Carbohydrates
AT2G36190,Carbohydrates
AT3G13790,Carbohydrates
AT4G09510,Carbohydrates
AT5G22510,Carbohydrates
AT3G45070,Specialized Metabolism
AT4G11640,Amino Acids
AT1G07810,Energy Metabolism
AT1G10130,Energy Metabolism
AT3G21180,Energy Metabolism
AT4G37270,Energy Metabolism
AT4G37640,Energy Metabolism
AT5G57110,Energy Metabolism
AT4G33510,Carbohydrates
AT4G39980,Carbohydrates
AT2G21940,Intermediate Metabolism
AT2G45300,Intermediate Metabolism
AT3G06350,Intermediate Metabolism
AT4G39540,Intermediate Metabolism
AT1G68760,Cofactors
AT3G07270,Cofactors
AT3G11750,Cofactors
AT4G33520,Inorganic Nutrients
AT5G21930,Inorganic Nutrients
AT4G37270,Inorganic Nutrients
AT1G63440,Inorganic Nutrients
AT4G33520,Cofactors
AT5G21930,Cofactors
AT4G37270,Cofactors
AT1G63440,Cofactors
AT3G45130,Fatty Acids and Lipids
AT3G21110,Nucleotides
AT1G09830,Nucleotides
AT1G31220,Nucleotides
AT3G55010,Nucleotides
AT4G34740,Nucleotides
AT1G69370,Amino Acids
AT2G22250,Amino Acids
AT3G29200,Amino Acids
AT5G10870,Amino Acids
AT2G40690,Energy Metabolism
AT2G41540,Energy Metabolism
AT5G40610,Energy Metabolism
AT2G07050,Specialized Metabolism
AT4G34640,Specialized Metabolism
AT4G34650,Specialized Metabolism
AT3G06810,Hormones
AT4G05530,Hormones
AT5G49810,Amino Acids
AT1G05680,Specialized Metabolism
AT2G36750,Specialized Metabolism
AT1G61720,Specialized Metabolism
AT4G24220,Fatty Acids and Lipids
AT1G15950,Specialized Metabolism
AT2G21730,Specialized Metabolism
AT2G21890,Specialized Metabolism
AT3G19450,Specialized Metabolism
AT4G34230,Specialized Metabolism
AT4G37980,Specialized Metabolism
AT4G37990,Specialized Metabolism
AT4G39330,Specialized Metabolism
AT1G76790,Specialized Metabolism
AT4G31500,Specialized Metabolism
AT4G37410,Specialized Metabolism
AT4G15370,Specialized Metabolism
AT4G15340,Energy Metabolism
AT5G42600,Specialized Metabolism
AT1G01220,Nucleotides
AT1G01220,Carbohydrates
AT1G12640,Fatty Acids and Lipids
AT5G47990,Specialized Metabolism
AT5G48000,Specialized Metabolism
AT5G48010,Specialized Metabolism
AT5G25130,Specialized Metabolism
AT1G08510,Fatty Acids and Lipids
AT1G24360,Fatty Acids and Lipids
AT1G35250,Fatty Acids and Lipids
AT1G35290,Fatty Acids and Lipids
AT1G68260,Fatty Acids and Lipids
AT1G68280,Fatty Acids and Lipids
AT2G22230,Fatty Acids and Lipids
AT3G25110,Fatty Acids and Lipids
AT1G74960,Fatty Acids and Lipids
AT3G24300,Inorganic Nutrients
AT4G13510,Inorganic Nutrients
AT5G33290,Carbohydrates
AT5G46290,Fatty Acids and Lipids
AT1G16540,Cofactors
AT1G25220,Specialized Metabolism
AT2G29690,Specialized Metabolism
AT5G05730,Specialized Metabolism
AT5G57890,Specialized Metabolism
AT1G09240,Amino Acids
AT1G56430,Amino Acids
AT5G04950,Amino Acids
AT5G56080,Amino Acids
AT1G31800,Specialized Metabolism
AT3G53130,Specialized Metabolism
AT5G57030,Specialized Metabolism
AT1G08550,Energy Metabolism
AT5G67030,Energy Metabolism
AT4G25700,Specialized Metabolism
AT5G52570,Specialized Metabolism
AT3G10230,Specialized Metabolism
AT2G03220,Carbohydrates
AT2G20370,Carbohydrates
AT3G28180,Carbohydrates
AT3G62720,Carbohydrates
AT4G02500,Carbohydrates
AT1G01580,Inorganic Nutrients
AT1G01590,Inorganic Nutrients
AT1G23020,Inorganic Nutrients
AT4G19680,Inorganic Nutrients
AT4G19690,Inorganic Nutrients
AT5G23980,Inorganic Nutrients
AT5G23990,Inorganic Nutrients
AT5G49740,Inorganic Nutrients
AT5G50160,Inorganic Nutrients
AT3G47340,Amino Acids
AT4G26900,Amino Acids
AT5G10240,Amino Acids
AT5G60540,Amino Acids
AT5G65010,Amino Acids
AT1G02500,Inorganic Nutrients
AT1G09240,Inorganic Nutrients
AT1G56430,Inorganic Nutrients
AT5G04950,Inorganic Nutrients
AT5G56080,Inorganic Nutrients
AT1G70560,Intermediate Metabolism
AT5G51690,Intermediate Metabolism
AT1G58300,Cofactors
AT1G69720,Cofactors
AT2G26670,Cofactors
AT4G23660,Cofactors
AT1G18870,Cofactors
AT1G30520,Cofactors
AT1G48320,Cofactors
AT1G68890,Cofactors
AT1G74710,Cofactors
AT5G48950,Cofactors
AT3G10050,Specialized Metabolism
AT1G08980,Hormones
AT2G22330,Hormones
AT3G44300,Hormones
AT3G44310,Hormones
AT3G44320,Hormones
AT4G39950,Hormones
AT5G22300,Hormones
AT2G37090,Carbohydrates
AT4G36890,Carbohydrates
AT1G30520,Specialized Metabolism
AT1G48320,Specialized Metabolism
AT1G68890,Specialized Metabolism
AT4G16740,Energy Metabolism
AT1G32060,Energy Metabolism
AT1G74030,Energy Metabolism
AT2G01290,Energy Metabolism
AT2G36530,Energy Metabolism
AT2G45290,Energy Metabolism
AT3G60750,Energy Metabolism
AT3G22960,Energy Metabolism
AT1G67550,Amines and Polyamines
AT4G04955,Amines and Polyamines
AT4G17050,Amines and Polyamines
AT4G20070,Amines and Polyamines
AT5G43600,Amines and Polyamines
AT5G58220,Nucleotides
AT3G20330,Nucleotides
AT3G54470,Nucleotides
AT4G22930,Nucleotides
AT1G58440,Fatty Acids and Lipids
AT2G22830,Fatty Acids and Lipids
AT4G37760,Fatty Acids and Lipids
AT1G15110,Fatty Acids and Lipids
AT4G16700,Fatty Acids and Lipids
AT4G25970,Fatty Acids and Lipids
AT5G57190,Fatty Acids and Lipids
AT1G62430,Fatty Acids and Lipids
AT4G22340,Fatty Acids and Lipids
AT4G26770,Fatty Acids and Lipids
AT1G47840,Nucleotides
AT1G50460,Nucleotides
AT2G19860,Nucleotides
AT3G20040,Nucleotides
AT4G29130,Nucleotides
AT4G37840,Nucleotides
AT4G24620,Nucleotides
AT2G01350,Cofactors
AT5G55810,Cofactors
AT1G16300,Energy Metabolism
AT1G43670,Energy Metabolism
AT1G74030,Carbohydrates
AT1G79530,Energy Metabolism
AT2G21170,Carbohydrates
AT2G21170,Energy Metabolism
AT2G36530,Carbohydrates
AT3G26650,Energy Metabolism
AT3G55440,Carbohydrates
AT3G55440,Energy Metabolism
AT4G26270,Carbohydrates
AT4G26270,Energy Metabolism
AT4G29220,Carbohydrates
AT4G29220,Energy Metabolism
AT4G32840,Carbohydrates
AT4G32840,Energy Metabolism
AT5G56630,Carbohydrates
AT5G56630,Energy Metabolism
AT5G61580,Carbohydrates
AT5G61580,Energy Metabolism
AT3G22960,Carbohydrates
AT3G02470,Specialized Metabolism
AT3G25900,Amino Acids
AT3G63250,Amino Acids
AT3G25180,Energy Metabolism
AT3G25830,Specialized Metabolism
AT1G54870,Fatty Acids and Lipids
AT2G24190,Fatty Acids and Lipids
AT2G37770,Fatty Acids and Lipids
AT3G03480,Fatty Acids and Lipids
AT3G04000,Fatty Acids and Lipids
AT3G61220,Fatty Acids and Lipids
AT4G15440,Fatty Acids and Lipids
AT1G17420,Specialized Metabolism
AT1G67560,Specialized Metabolism
AT1G72520,Specialized Metabolism
AT3G45140,Specialized Metabolism
AT1G55020,Specialized Metabolism
AT3G22400,Specialized Metabolism
AT2G31350,Detoxification
AT2G43430,Detoxification
AT3G10850,Detoxification
AT5G06580,Detoxification
AT1G08980,Cofactors
AT2G22570,Cofactors
AT5G23220,Cofactors
AT5G45940,Cofactors
AT5G66170,Inorganic Nutrients
AT2G14750,Inorganic Nutrients
AT4G39940,Inorganic Nutrients
AT3G01910,Inorganic Nutrients
AT1G06000,Specialized Metabolism
AT2G45550,Specialized Metabolism
AT1G05530,Hormones
AT1G05560,Hormones
AT1G52400,Hormones
AT2G23250,Hormones
AT2G23260,Hormones
AT3G21780,Hormones
AT4G34138,Hormones
AT4G04870,Fatty Acids and Lipids
AT1G47600,Specialized Metabolism
AT1G51470,Specialized Metabolism
AT1G54040,Specialized Metabolism
AT2G33070,Specialized Metabolism
AT3G16390,Specialized Metabolism
AT3G16400,Specialized Metabolism
AT3G16410,Specialized Metabolism
AT5G25980,Specialized Metabolism
AT5G26000,Specialized Metabolism
AT5G48180,Specialized Metabolism
AT1G50170,Cofactors
AT5G40850,Cofactors
AT1G09940,Cofactors
AT1G58290,Cofactors
AT2G26540,Cofactors
AT5G08280,Cofactors
AT5G63570,Cofactors
AT1G61820,Specialized Metabolism
AT5G67030,Specialized Metabolism
AT1G10670,Energy Metabolism
AT1G10670,Intermediate Metabolism
AT3G24503,Specialized Metabolism
AT4G36220,Specialized Metabolism
AT1G14290,Fatty Acids and Lipids
AT1G69640,Fatty Acids and Lipids
AT2G34770,Fatty Acids and Lipids
AT2G37940,Fatty Acids and Lipids
AT3G06060,Fatty Acids and Lipids
AT3G48780,Fatty Acids and Lipids
AT3G61580,Fatty Acids and Lipids
AT4G04930,Fatty Acids and Lipids
AT4G20870,Fatty Acids and Lipids
AT4G36480,Fatty Acids and Lipids
AT5G19200,Fatty Acids and Lipids
AT5G51290,Fatty Acids and Lipids
AT2G34630,Cofactors
AT1G49530,Cofactors
AT2G18640,Cofactors
AT2G23800,Cofactors
AT3G14550,Cofactors
AT3G29430,Cofactors
AT3G32040,Cofactors
AT4G36810,Cofactors
AT2G27860,Nucleotides
AT2G27860,Carbohydrates
AT1G79500,Carbohydrates
AT1G79500,Nucleotides
AT5G04490,Specialized Metabolism
AT1G14810,Amino Acids
AT1G31230,Amino Acids
AT2G45440,Amino Acids
AT3G02020,Amino Acids
AT3G14390,Amino Acids
AT3G53580,Amino Acids
AT3G60880,Amino Acids
AT4G19710,Amino Acids
AT4G33680,Amino Acids
AT5G11880,Amino Acids
AT1G21640,Cofactors
AT1G78590,Cofactors
AT3G21070,Cofactors
AT5G37510,Cofactors
AT1G04220,Fatty Acids and Lipids
AT1G25450,Fatty Acids and Lipids
AT4G34510,Fatty Acids and Lipids
AT5G43760,Fatty Acids and Lipids
AT1G62960,Amino Acids
AT1G70560,Amino Acids
AT5G51690,Amino Acids
AT1G15550,Hormones
AT1G80340,Hormones
AT4G25420,Hormones
AT5G07200,Hormones
AT5G51810,Hormones
AT1G04620,Cofactors
AT1G44446,Cofactors
AT4G13250,Cofactors
AT5G04900,Cofactors
AT1G74470,Cofactors
AT1G74470,Specialized Metabolism
AT1G70560,Specialized Metabolism
AT2G30490,Specialized Metabolism
AT5G51690,Specialized Metabolism
AT1G48030,Amino Acids
AT1G48030,Energy Metabolism
AT3G06850,Energy Metabolism
AT3G17240,Energy Metabolism
AT3G13450,Energy Metabolism
AT1G02500,Amino Acids
AT4G13940,Amino Acids
AT1G80330,Hormones
AT1G05160,Hormones
AT2G32440,Hormones
AT5G25900,Hormones
AT1G79460,Hormones
AT4G02780,Hormones
AT1G23360,Specialized Metabolism
AT1G23360,Cofactors
AT1G60600,Specialized Metabolism
AT1G60600,Cofactors
AT1G66200,Nucleotides
AT1G75330,Nucleotides
AT1G75330,Amino Acids
AT3G17820,Nucleotides
AT4G04955,Nucleotides
AT4G04955,Amino Acids
AT4G34890,Amino Acids
AT5G04140,Nucleotides
AT5G16570,Nucleotides
AT5G35630,Nucleotides
AT5G37600,Nucleotides
AT5G46180,Nucleotides
AT5G46180,Amino Acids
AT1G37130,Inorganic Nutrients
AT1G77760,Inorganic Nutrients
AT2G39290,Fatty Acids and Lipids
AT3G55030,Fatty Acids and Lipids
AT1G43710,Fatty Acids and Lipids
AT2G38670,Fatty Acids and Lipids
AT1G80860,Fatty Acids and Lipids
AT3G18000,Fatty Acids and Lipids
AT2G32260,Fatty Acids and Lipids
AT4G15130,Fatty Acids and Lipids
AT1G75330,Inorganic Nutrients
AT4G08870,Inorganic Nutrients
AT4G08900,Inorganic Nutrients
AT4G30440,Carbohydrates
AT4G30440,Nucleotides
AT1G14520,Nucleotides
AT1G14520,Carbohydrates
AT2G19800,Nucleotides
AT2G19800,Carbohydrates
AT3G01640,Nucleotides
AT3G01640,Carbohydrates
AT4G26260,Nucleotides
AT4G26260,Carbohydrates
AT3G53520,Nucleotides
AT3G53520,Carbohydrates
AT3G62830,Nucleotides
AT3G62830,Carbohydrates
AT5G59290,Nucleotides
AT5G59290,Carbohydrates
AT1G31190,Other
AT3G02870,Other
AT4G39120,Other
AT2G22240,Other
AT4G39800,Other
AT1G65960,Amino Acids
AT1G79440,Amino Acids
AT3G22200,Amino Acids
AT5G17330,Amino Acids
AT3G25530,Amino Acids
AT3G22370,Energy Metabolism
AT5G37510,Energy Metabolism
AT1G80460,Fatty Acids and Lipids
AT1G80460,Carbohydrates
AT3G11480,Specialized Metabolism
AT5G51970,Carbohydrates
AT2G30860,Redox
AT2G30860,Cofactors
AT3G54660,Redox
AT3G54660,Cofactors
AT4G11600,Redox
AT4G11600,Cofactors
AT4G29210,Amino Acids
AT4G39640,Amino Acids
AT4G39640,Redox
AT4G39650,Amino Acids
AT4G39650,Redox
AT5G37830,Amino Acids
AT5G37830,Redox
AT2G11810,Fatty Acids and Lipids
AT3G06510,Fatty Acids and Lipids
AT3G11670,Fatty Acids and Lipids
AT4G00550,Fatty Acids and Lipids
AT4G31780,Fatty Acids and Lipids
AT5G20410,Fatty Acids and Lipids
AT3G10700,Nucleotides
AT3G10700,Carbohydrates
AT3G17810,Amino Acids
AT3G17810,Cofactors
AT5G12200,Amino Acids
AT5G12200,Cofactors
AT5G64370,Amino Acids
AT5G64370,Cofactors
AT1G60440,Cofactors
AT4G32180,Cofactors
AT3G05970,Amino Acids
AT3G05970,Cofactors
AT5G27600,Amino Acids
AT5G27600,Cofactors
AT3G59970,Cofactors
AT4G37930,Cofactors
AT5G13050,Cofactors
AT5G20980,Cofactors
AT3G06580,Nucleotides
AT5G18200,Nucleotides
AT2G07727,Energy Metabolism
ATMG01360,Energy Metabolism
AT1G50480,Cofactors
AT3G10160,Cofactors
AT3G55630,Cofactors
AT5G05980,Cofactors
AT1G08250,Amino Acids
AT1G11790,Amino Acids
AT2G27820,Amino Acids
AT3G07630,Amino Acids
AT3G44720,Amino Acids
AT5G22630,Amino Acids
AT1G15710,Amino Acids
AT5G34930,Amino Acids
AT5G14800,Amino Acids
AT2G22990,Specialized Metabolism
AT3G21560,Specialized Metabolism
AT5G09640,Specialized Metabolism
AT1G53500,Nucleotides
AT1G53500,Carbohydrates
AT1G63000,Nucleotides
AT1G63000,Carbohydrates
AT1G78570,Nucleotides
AT1G78570,Carbohydrates
AT3G14790,Nucleotides
AT3G14790,Carbohydrates
AT1G69500,Fatty Acids and Lipids
AT1G72970,Carbohydrates
AT1G72970,Fatty Acids and Lipids
AT2G27690,Carbohydrates
AT3G10570,Carbohydrates
AT3G10570,Fatty Acids and Lipids
AT2G27150,Intermediate Metabolism
AT5G20960,Intermediate Metabolism
AT3G61220,Specialized Metabolism
AT4G16740,Specialized Metabolism
AT1G22400,Hormones
AT2G36750,Hormones
AT5G05870,Hormones
AT5G05860,Hormones
AT2G41510,Hormones
AT4G30530,Specialized Metabolism
AT1G02205,Carbohydrates
AT1G02205,Fatty Acids and Lipids
AT1G57750,Carbohydrates
AT1G57750,Fatty Acids and Lipids
AT4G33790,Carbohydrates
AT4G33790,Fatty Acids and Lipids
AT5G37300,Carbohydrates
AT5G37300,Fatty Acids and Lipids
AT2G27760,Hormones
AT1G44170,Fatty Acids and Lipids
AT1G67110,Hormones
AT1G68460,Hormones
AT3G19160,Hormones
AT3G23630,Hormones
AT3G63110,Hormones
AT4G24650,Hormones
AT5G19040,Hormones
AT5G38450,Hormones
AT1G07420,Fatty Acids and Lipids
AT1G11680,Fatty Acids and Lipids
AT1G20050,Fatty Acids and Lipids
AT1G20330,Fatty Acids and Lipids
AT1G50430,Fatty Acids and Lipids
AT1G76090,Fatty Acids and Lipids
AT2G34490,Fatty Acids and Lipids
AT2G34500,Fatty Acids and Lipids
AT3G02580,Fatty Acids and Lipids
AT3G19820,Fatty Acids and Lipids
AT3G52940,Fatty Acids and Lipids
AT5G13710,Fatty Acids and Lipids
AT5G50375,Fatty Acids and Lipids
AT1G73680,Fatty Acids and Lipids
AT3G01420,Fatty Acids and Lipids
AT1G79750,Intermediate Metabolism
AT2G19900,Intermediate Metabolism
AT5G11670,Intermediate Metabolism
AT5G25880,Intermediate Metabolism
AT1G31190,Carbohydrates
AT2G22240,Carbohydrates
AT4G39800,Carbohydrates
AT1G07890,Detoxification
AT1G07890,Redox
AT1G19570,Detoxification
AT1G19570,Redox
AT1G75270,Detoxification
AT1G75270,Redox
AT5G16710,Detoxification
AT5G16710,Redox
AT1G78660,Cofactors
AT1G78680,Cofactors
AT3G48170,Amines and Polyamines
AT4G14940,Amines and Polyamines
AT5G42800,Specialized Metabolism
AT1G43620,Specialized Metabolism
AT3G07020,Specialized Metabolism
AT2G23560,Specialized Metabolism
AT2G23580,Specialized Metabolism
AT2G23600,Specialized Metabolism
AT2G23620,Specialized Metabolism
AT4G37150,Specialized Metabolism
AT3G50660,Specialized Metabolism
AT3G02875,Hormones
AT5G56660,Hormones
AT1G12550,Energy Metabolism
AT1G68010,Energy Metabolism
AT1G79870,Energy Metabolism
AT1G80380,Energy Metabolism
AT2G13360,Energy Metabolism
AT4G37930,Energy Metabolism
AT5G36700,Energy Metabolism
ATCG00490,Energy Metabolism
AT2G41530,Detoxification
AT2G41530,Redox
AT5G43940,Detoxification
AT5G43940,Redox
AT2G31750,Hormones
AT1G50480,Intermediate Metabolism
AT3G11945,Cofactors
AT1G06570,Cofactors
AT2G18950,Cofactors
AT4G03050,Specialized Metabolism
AT3G19710,Amino Acids
AT5G23010,Amino Acids
AT5G23020,Amino Acids
AT1G61810,Specialized Metabolism
AT5G26310,Specialized Metabolism
AT5G66690,Specialized Metabolism
AT1G51680,Carbohydrates
AT1G65060,Carbohydrates
AT1G67990,Carbohydrates
AT2G30490,Carbohydrates
AT2G37040,Carbohydrates
AT2G40890,Carbohydrates
AT3G21240,Carbohydrates
AT4G26220,Carbohydrates
AT4G34050,Carbohydrates
AT5G23190,Carbohydrates
AT5G54160,Carbohydrates
AT3G61130,Carbohydrates
AT2G24270,Energy Metabolism
AT2G24270,Carbohydrates
AT1G02400,Hormones
AT1G30040,Hormones
AT1G47990,Hormones
AT1G50960,Hormones
AT1G78440,Hormones
AT2G34555,Hormones
AT4G21200,Hormones
AT2G28800,Energy Metabolism
AT1G08380,Energy Metabolism
AT4G39350,Carbohydrates
AT4G32410,Carbohydrates
AT5G05170,Carbohydrates
AT5G64740,Carbohydrates
AT5G44030,Carbohydrates
AT5G17420,Carbohydrates
AT4G18780,Carbohydrates
AT2G23560,Hormones
AT2G23600,Hormones
AT2G23610,Hormones
AT2G23620,Hormones
AT4G16690,Hormones
AT4G37150,Hormones
AT5G58310,Hormones
AT1G10700,Nucleotides
AT1G32380,Nucleotides
AT2G35390,Nucleotides
AT2G42910,Nucleotides
AT2G20860,Cofactors
AT3G02470,Amino Acids
AT2G43360,Cofactors
AT5G57590,Cofactors
AT2G45150,Fatty Acids and Lipids
AT3G60620,Fatty Acids and Lipids
AT5G40610,Fatty Acids and Lipids
AT5G35360,Fatty Acids and Lipids
AT4G24040,Carbohydrates
AT1G08490,Amino Acids
AT5G65720,Amino Acids
AT5G62530,Amino Acids
AT1G54130,Nucleotides
AT3G14050,Nucleotides
AT3G17470,Nucleotides
AT5G19530,Amines and Polyamines
AT5G53120,Amines and Polyamines
AT2G46110,Cofactors
AT3G61530,Cofactors
AT5G48840,Cofactors
AT3G61440,Amino Acids
AT1G65930,Energy Metabolism
AT1G24280,Energy Metabolism
AT1G24280,Carbohydrates
AT3G27300,Energy Metabolism
AT3G27300,Carbohydrates
AT5G13110,Energy Metabolism
AT5G13110,Carbohydrates
AT5G35790,Energy Metabolism
AT5G35790,Carbohydrates
AT5G40760,Energy Metabolism
AT5G40760,Carbohydrates
AT2G01290,Carbohydrates
AT2G45290,Carbohydrates
AT3G60750,Carbohydrates
AT2G41490,Carbohydrates
AT1G48140,Carbohydrates
AT1G76150,Amino Acids
AT3G06860,Amino Acids
AT5G47720,Amino Acids
AT5G48230,Amino Acids
AT1G05800,Fatty Acids and Lipids
AT1G06800,Fatty Acids and Lipids
AT1G51440,Fatty Acids and Lipids
AT1G55180,Fatty Acids and Lipids
AT1G61850,Fatty Acids and Lipids
AT2G06925,Fatty Acids and Lipids
AT2G30550,Fatty Acids and Lipids
AT2G31690,Fatty Acids and Lipids
AT2G42010,Fatty Acids and Lipids
AT2G44810,Fatty Acids and Lipids
AT3G03310,Fatty Acids and Lipids
AT3G03530,Fatty Acids and Lipids
AT3G03540,Fatty Acids and Lipids
AT3G15730,Fatty Acids and Lipids
AT3G16785,Fatty Acids and Lipids
AT4G11850,Fatty Acids and Lipids
AT4G16820,Fatty Acids and Lipids
AT4G29460,Fatty Acids and Lipids
AT4G35790,Fatty Acids and Lipids
AT4G37070,Fatty Acids and Lipids
AT2G15230,Fatty Acids and Lipids
AT5G04040,Fatty Acids and Lipids
AT1G18500,Amino Acids
AT1G31180,Amino Acids
AT1G74040,Amino Acids
AT1G80560,Amino Acids
AT4G13430,Amino Acids
AT5G14200,Amino Acids
AT2G43090,Amino Acids
AT1G03090,Amino Acids
AT3G10050,Amino Acids
AT4G29840,Amino Acids
AT1G09795,Amino Acids
AT1G31860,Amino Acids
AT1G58080,Amino Acids
AT2G36230,Amino Acids
AT3G22425,Amino Acids
AT4G39120,Amino Acids
AT5G10330,Amino Acids
AT1G03475,Cofactors
AT2G30390,Cofactors
AT4G01690,Cofactors
AT5G26030,Cofactors
AT4G37930,Amino Acids
AT1G08630,Amino Acids
AT1G23310,Amino Acids
AT1G70580,Amino Acids
AT3G04520,Amino Acids
AT2G42790,Energy Metabolism
AT3G58750,Energy Metabolism
AT5G03860,Energy Metabolism
AT5G06580,Energy Metabolism
AT4G24620,Energy Metabolism
AT3G57560,Amino Acids
AT5G27380,Amino Acids
AT5G27380,Redox
AT5G07440,Amino Acids
AT5G18170,Amino Acids
AT1G01480,Hormones
AT1G02500,Hormones
AT1G12010,Hormones
AT2G22810,Hormones
AT3G49700,Hormones
AT4G08040,Hormones
AT4G11280,Hormones
AT4G26200,Hormones
AT4G37770,Hormones
AT5G65800,Hormones
AT1G08830,Detoxification
AT1G08830,Redox
AT1G20620,Detoxification
AT1G20620,Redox
AT1G20630,Detoxification
AT1G20630,Redox
AT2G28190,Detoxification
AT2G28190,Redox
AT3G10920,Detoxification
AT3G10920,Redox
AT4G25100,Detoxification
AT4G25100,Redox
AT4G35090,Detoxification
AT4G35090,Redox
AT5G18100,Detoxification
AT5G18100,Redox
AT5G23310,Detoxification
AT5G23310,Redox
AT5G51100,Detoxification
AT5G51100,Redox
AT2G43750,Amino Acids
AT3G59760,Amino Acids
AT4G14880,Amino Acids
AT3G23490,Inorganic Nutrients
AT3G23490,Detoxification
AT3G56940,Cofactors
AT4G25080,Cofactors
AT1G08520,Cofactors
AT3G26830,Specialized Metabolism
AT1G32060,Carbohydrates
AT3G55800,Carbohydrates
AT3G55800,Energy Metabolism
AT1G23820,Amines and Polyamines
AT1G70310,Amines and Polyamines
AT3G02470,Amines and Polyamines
AT3G61440,Detoxification
AT5G22300,Amino Acids
AT5G22300,Detoxification
AT2G30970,Amino Acids
AT4G31990,Amino Acids
AT5G19550,Amino Acids
AT3G16150,Amino Acids
AT5G08100,Amino Acids
AT1G17290,Amino Acids
